data,time
7,1683543780.950563
7,1683543780.950563
7,1683543780.950563
7,1683543780.950563
7,1683543780.950563
